{
  "count": 99,
  "judged_count": 99,
  "error_count": 0,
  "strict_accuracy": 0.16161616161616163,
  "llm_accuracy": 0.3434343434343434,
  "avg_confidence": 0.6631313131313131
}