{
  "count": 99,
  "judged_count": 99,
  "error_count": 0,
  "strict_accuracy": 0.21212121212121213,
  "llm_accuracy": 0.41414141414141414,
  "avg_confidence": 0.6777777777777778
}