{
  "count": 99,
  "judged_count": 99,
  "error_count": 0,
  "strict_accuracy": 0.1717171717171717,
  "llm_accuracy": 0.40404040404040403,
  "avg_confidence": 0.6702020202020201
}