{
  "count": 99,
  "judged_count": 99,
  "error_count": 0,
  "strict_accuracy": 0.1414141414141414,
  "llm_accuracy": 0.3939393939393939,
  "avg_confidence": 0.6626262626262626
}