{
  "count": 99,
  "judged_count": 99,
  "error_count": 0,
  "strict_accuracy": 0.18181818181818182,
  "llm_accuracy": 0.3838383838383838,
  "avg_confidence": 0.9017171717171717
}