{
  "count": 99,
  "accuracy": 0.30303030303030304,
  "avg_tokens": 26881.555555555555,
  "avg_turns": 5.494949494949495,
  "avg_tool_calls": 4.090909090909091,
  "avg_latency": 111.00557489957039,
  "llm_judge_count": 99,
  "llm_judge_error_count": 0,
  "llm_accuracy": 0.6464646464646465,
  "llm_avg_confidence": 0.7080808080808081,
  "llm_judge_model": "Qwen3-32B"
}