{
  "accuracy": 0.20202020202020202,
  "avg_tokens": 895.7171717171717,
  "avg_turns": 1,
  "avg_latency": 0.7506384102608821,
  "avg_tool_calls": 0
}