{
  "count": 99,
  "changed_count": 0,
  "accuracy": 0.16161616161616163,
  "norm_accuracy": 0.18181818181818182,
  "loose_accuracy": 0.23232323232323232
}