{
  "accuracy": 0.16161616161616163,
  "norm_accuracy": 0.18181818181818182,
  "loose_accuracy": 0.23232323232323232,
  "avg_tokens": 1385.8181818181818,
  "avg_turns": 1.02020202020202,
  "avg_latency": 0.31031283626339934,
  "avg_tool_calls": 0
}