{
  "accuracy": 0.21212121212121213,
  "norm_accuracy": 0.23232323232323232,
  "loose_accuracy": 0.2727272727272727,
  "avg_tokens": 3052.626262626263,
  "avg_turns": 2.5555555555555554,
  "avg_latency": 1.1842280857146228,
  "avg_tool_calls": 0
}