{
  "count": 99,
  "changed_count": 4,
  "accuracy": 0.1717171717171717,
  "norm_accuracy": 0.21212121212121213,
  "loose_accuracy": 0.2727272727272727
}