{
  "accuracy": 0.18181818181818182,
  "norm_accuracy": 0.20202020202020202,
  "loose_accuracy": 0.2727272727272727,
  "avg_tokens": 1457.2626262626263,
  "avg_turns": 1.1515151515151516,
  "avg_latency": 0.537389439685891,
  "avg_tool_calls": 0
}