{
  "accuracy": 0.1414141414141414,
  "norm_accuracy": 0.18181818181818182,
  "loose_accuracy": 0.2727272727272727,
  "avg_tokens": 1825.8080808080808,
  "avg_turns": 1.1919191919191918,
  "avg_latency": 0.6279741569564471,
  "avg_tool_calls": 0
}